Date,order_volume,avg_lead_time,disruption_rate,avg_fuel_price,avg_geo_risk,avg_carrier_reliability,avg_distance,avg_weight
2024-01-01,4,22.020937500000002,0.75,2.6,6.925000000000001,0.654,4522.885,207.22
2024-01-02,7,8.631428571428572,0.8571428571428571,2.6342857142857143,5.242857142857143,0.6964285714285714,5346.067142857143,262.36857142857144
2024-01-03,7,7.2057142857142855,0.7142857142857143,2.4957142857142856,4.5285714285714285,0.7795714285714286,7546.7185714285715,268.5185714285714
2024-01-04,5,14.681999999999999,0.2,2.184,3.04,0.725,11684.2,108.02799999999999
2024-01-05,4,11.842500000000001,0.75,3.3525,5.675,0.6855,5589.93,375.385
2024-01-06,4,18.205,0.5,2.4025,4.1,0.778,5778.2825,220.185
2024-01-07,8,25.2921875,0.875,2.97125,6.2125,0.780375,4913.5425,260.80625
2024-01-08,4,11.975,0.5,3.1675,3.025,0.76325,12051.907500000001,247.86
2024-01-09,7,24.326785714285716,0.5714285714285714,2.4585714285714286,5.7,0.7327142857142857,8426.497142857143,161.29571428571427
2024-01-10,12,8.781666666666666,0.75,3.0375,5.375,0.8074166666666667,8319.39,246.5041666666667
2024-01-11,2,3.46,1.0,1.49,2.6,0.882,5774.155000000001,357.28999999999996
2024-01-12,4,11.325,0.5,3.0575,3.375,0.74325,7699.6625,148.9525
2024-01-13,10,23.785375,0.8,3.0829999999999997,6.58,0.7137,10971.261,129.673
2024-01-14,1,12.38,0.0,4.24,8.5,0.796,10505.68,148.67
2024-01-15,6,24.42125,0.8333333333333334,2.6933333333333334,6.3,0.7396666666666666,11429.468333333332,329.61333333333334
2024-01-16,4,17.910937500000003,0.5,2.56,3.625,0.7382500000000001,4349.7525,184.4475
2024-01-17,8,11.44875,0.5,3.01,3.4125,0.746,10831.20375,239.095
2024-01-18,5,4.933999999999999,0.2,3.166,4.08,0.7716,4221.446000000001,189.49399999999997
2024-01-19,2,14.36,0.5,2.26,3.8000000000000003,0.8594999999999999,6815.08,125.08000000000001
2024-01-20,7,8.448571428571428,0.14285714285714285,2.4957142857142856,3.857142857142857,0.8202857142857143,8368.994285714285,224.49
2024-01-21,8,11.52296875,0.75,2.42125,4.95,0.78925,8671.67375,276.14625
2024-01-22,4,19.2209375,0.5,2.2725,3.5749999999999997,0.735,8599.720000000001,261.2475
2024-01-23,5,21.28275,0.6,2.872,7.040000000000001,0.732,9239.454,317.352
2024-01-24,3,24.353333333333335,0.6666666666666666,1.7933333333333332,5.733333333333333,0.6946666666666667,8484.52,159.46333333333334
2024-01-25,2,7.295,1.0,3.25,8.45,0.8425,5221.675,250.89
2024-01-26,5,6.837999999999999,0.8,2.952,4.58,0.625,8152.5960000000005,263.344
2024-01-27,10,21.150750000000002,0.8,2.8899999999999997,6.0,0.8077,8035.432000000001,180.919
2024-01-28,7,7.944285714285714,0.7142857142857143,2.9657142857142853,2.3714285714285714,0.6765714285714285,8449.774285714286,233.68142857142857
2024-01-29,4,14.048437500000002,0.25,2.8249999999999997,3.25,0.746,12592.05,136.74
2024-01-30,9,10.934444444444445,0.6666666666666666,2.9044444444444446,6.655555555555555,0.7458888888888889,6146.82,258.8666666666667
2024-01-31,5,10.432,0.6,3.0780000000000003,6.359999999999999,0.7732,7270.9259999999995,134.248
2024-02-01,9,9.645555555555555,0.3333333333333333,2.7544444444444443,4.155555555555555,0.8006666666666666,9055.887777777778,231.5511111111111
2024-02-02,7,14.447678571428572,0.5714285714285714,3.164285714285714,3.871428571428571,0.8014285714285715,4555.288571428571,217.31142857142854
2024-02-03,8,8.305,0.75,2.425,5.05,0.760125,7701.05625,143.56375
2024-02-04,4,12.3375,0.5,2.3775,8.05,0.765,6687.9075,303.485
2024-02-05,3,18.72,0.6666666666666666,2.143333333333333,5.7,0.856,6654.473333333334,297.6666666666667
2024-02-06,4,15.165,0.5,2.6175,3.7499999999999996,0.8075,12718.3675,274.47
2024-02-07,6,4.878333333333333,0.8333333333333334,2.635,6.483333333333333,0.7559999999999999,4562.901666666667,253.45666666666668
2024-02-08,9,11.868194444444446,0.5555555555555556,2.6644444444444444,6.0,0.7518888888888889,7556.124444444444,259.66333333333336
2024-02-09,5,17.97475,0.8,3.214,6.1,0.7676000000000001,8685.052,180.072
2024-02-10,9,17.059305555555554,0.5555555555555556,3.131111111111111,5.588888888888889,0.711,8055.802222222223,247.79999999999998
2024-02-11,4,3.6375,0.5,2.55,5.825,0.846,8961.05,279.2575
2024-02-12,6,20.233958333333334,0.3333333333333333,2.1816666666666666,3.0666666666666664,0.7294999999999999,7607.866666666666,155.26166666666668
2024-02-13,6,9.01,0.8333333333333334,3.145,5.616666666666667,0.7088333333333333,5631.53,330.6983333333333
2024-02-14,7,21.81107142857143,0.42857142857142855,3.3514285714285714,4.442857142857143,0.7597142857142857,6867.017142857143,187.72
2024-02-15,8,24.5309375,0.5,3.47375,5.1375,0.7795,8156.0599999999995,280.58875
2024-02-16,11,8.134545454545455,0.8181818181818182,3.053636363636364,4.945454545454545,0.7357272727272727,5523.439090909091,208.27454545454546
2024-02-17,7,8.484285714285715,0.42857142857142855,3.0042857142857144,5.8428571428571425,0.7987142857142857,6398.827142857143,224.6142857142857
2024-02-18,4,11.040000000000001,0.25,2.75,5.525,0.7795,9327.744999999999,200.5125
2024-02-19,8,20.4671875,0.875,3.01375,5.6375,0.730625,8063.0962500000005,300.08625
2024-02-20,6,22.707291666666666,0.6666666666666666,2.42,5.533333333333334,0.7043333333333334,7892.293333333334,277.4216666666667
2024-02-21,11,12.358181818181817,0.5454545454545454,2.9681818181818183,6.554545454545454,0.7126363636363636,7470.809090909091,154.7409090909091
2024-02-22,7,9.421428571428573,0.14285714285714285,3.124285714285714,5.242857142857143,0.7121428571428572,8356.745714285715,230.5885714285714
2024-02-23,8,26.497187500000003,0.625,2.58875,4.525,0.745125,10548.66625,252.87
2024-02-24,6,11.580625000000003,0.3333333333333333,2.1933333333333334,5.033333333333334,0.7796666666666666,7499.436666666666,319.43
2024-02-25,6,7.66,0.5,2.7566666666666664,4.966666666666667,0.8453333333333334,8762.966666666667,244.82333333333335
2024-02-26,5,16.40475,0.6,2.822,5.9799999999999995,0.8234,9134.86,194.542
2024-02-27,8,13.82171875,0.5,2.50875,4.8,0.750125,6157.16,254.7275
2024-02-28,5,17.434,0.6,2.662,7.8,0.7138,7421.0419999999995,259.794
2024-02-29,8,11.674999999999999,0.625,2.76,2.925,0.868625,6112.58125,272.38374999999996
2024-03-01,8,8.0075,0.25,2.61125,3.1875,0.75925,6596.81125,204.9125
2024-03-02,8,11.90796875,0.625,2.50125,5.075,0.69675,7047.3,277.6975
2024-03-03,7,11.532857142857141,0.5714285714285714,2.254285714285714,4.828571428571428,0.755,7758.8,242.84857142857143
2024-03-04,8,13.970468750000002,0.875,3.0975,4.8,0.712625,9412.088749999999,269.035
2024-03-05,7,12.891428571428571,0.5714285714285714,2.9699999999999998,4.2,0.7005714285714285,9393.47,213.72714285714287
2024-03-06,7,12.632857142857144,0.5714285714285714,2.9557142857142855,5.442857142857143,0.7251428571428572,4847.0,178.66857142857143
2024-03-07,4,6.165,0.75,2.4924999999999997,7.775,0.745,10575.287499999999,205.4225
2024-03-08,6,9.991666666666665,0.3333333333333333,2.856666666666667,5.583333333333333,0.8181666666666666,8381.146666666666,314.18833333333333
2024-03-09,5,15.908750000000001,0.6,3.086,5.2,0.7036,7763.110000000001,265.98199999999997
2024-03-10,8,19.017187500000002,0.625,3.0775,4.3,0.747125,7118.168750000001,217.675
2024-03-11,11,17.526136363636365,0.8181818181818182,2.520909090909091,4.1454545454545455,0.6907272727272727,7768.17090909091,221.53636363636363
2024-03-12,5,15.500750000000002,0.6,2.686,4.64,0.7352000000000001,11733.466,229.512
2024-03-13,6,14.205,0.5,3.436666666666667,4.5,0.7453333333333333,7259.531666666667,159.98166666666665
2024-03-14,3,21.97666666666667,0.6666666666666666,2.35,4.733333333333333,0.6833333333333332,3539.31,260.92333333333335
2024-03-15,7,28.631964285714282,1.0,3.1557142857142857,4.442857142857143,0.7865714285714286,8402.051428571429,238.9114285714286
2024-03-16,13,18.96875,0.38461538461538464,2.696153846153846,4.569230769230769,0.7464615384615385,7264.376923076923,228.60461538461539
2024-03-17,10,18.46875,0.5,3.2950000000000004,5.09,0.7206,8217.632,167.428
2024-03-18,7,22.415357142857143,0.5714285714285714,3.057142857142857,5.171428571428572,0.7699999999999999,7431.718571428572,190.6185714285714
2024-03-19,6,18.070625,0.8333333333333334,2.8366666666666664,6.25,0.6848333333333333,7785.290000000001,330.91333333333336
2024-03-20,7,14.290535714285713,0.5714285714285714,3.1242857142857146,4.871428571428572,0.6768571428571429,7876.862857142857,304.96
2024-03-21,13,22.07009615384616,0.6923076923076923,2.58,5.515384615384615,0.7588461538461538,9154.593846153846,236.5153846153846
2024-03-22,3,18.863333333333333,0.3333333333333333,4.153333333333333,6.566666666666666,0.8053333333333333,9345.883333333333,243.13666666666668
2024-03-23,8,20.46125,0.625,3.28,5.35,0.7415,9158.225,157.60625
2024-03-24,9,5.288888888888889,0.1111111111111111,3.1100000000000003,5.444444444444445,0.7613333333333334,7511.719999999999,247.85666666666668
2024-03-25,6,12.026666666666666,0.5,2.858333333333334,6.883333333333333,0.7428333333333333,7222.968333333333,180.20333333333335
2024-03-26,3,18.496666666666666,0.6666666666666666,3.08,6.366666666666667,0.895,8838.156666666668,277.4666666666667
2024-03-27,9,15.292638888888888,0.4444444444444444,3.002222222222222,3.644444444444444,0.7417777777777778,8801.55111111111,211.30888888888887
2024-03-28,9,11.219305555555557,0.6666666666666666,2.818888888888889,4.988888888888889,0.7715555555555556,8237.138888888889,315.81
2024-03-29,6,17.48229166666667,0.6666666666666666,3.2516666666666665,3.516666666666667,0.84,7752.150000000001,264.97166666666664
2024-03-30,7,12.476250000000002,0.42857142857142855,2.892857142857143,3.585714285714286,0.7007142857142857,6683.2300000000005,197.14000000000001
2024-03-31,4,12.86,0.25,2.92,4.325,0.6125,7360.82,215.8075
2024-04-01,6,9.471666666666666,0.5,2.473333333333333,4.566666666666666,0.82,7053.936666666666,299.81333333333333
2024-04-02,9,8.59,0.6666666666666666,2.9755555555555557,4.800000000000001,0.8180000000000001,7990.635555555556,249.97444444444443
2024-04-03,12,23.672083333333333,0.75,3.2375000000000003,4.891666666666667,0.75625,7315.3975,215.70833333333334
2024-04-04,4,9.285,0.75,2.5675,5.4,0.81625,7528.5425,216.4375
2024-04-05,16,14.273359375,0.6875,2.960625,6.04375,0.751375,6661.80625,240.6275
2024-04-06,3,29.197916666666668,0.3333333333333333,2.436666666666667,7.3999999999999995,0.706,9082.66,196.82000000000002
2024-04-07,8,11.65625,0.625,2.8875,5.0875,0.835875,10543.43375,250.795
2024-04-08,3,22.74458333333334,1.0,3.266666666666667,3.1666666666666665,0.6986666666666667,10866.436666666666,302.8666666666666
2024-04-09,10,10.591000000000001,0.5,3.097,5.41,0.7676000000000001,9817.503,216.32599999999996
2024-04-10,7,21.75482142857143,0.7142857142857143,2.742857142857143,6.685714285714285,0.7595714285714286,8906.125714285716,189.58142857142857
2024-04-11,6,16.085625,0.6666666666666666,3.31,6.033333333333334,0.7478333333333333,7077.2,334.175
2024-04-12,11,10.613636363636363,0.5454545454545454,2.4127272727272726,3.5727272727272723,0.7433636363636363,6767.918181818182,219.36272727272728
2024-04-13,9,11.778194444444445,0.6666666666666666,2.841111111111111,4.777777777777778,0.7662222222222222,6975.708888888889,244.98444444444445
2024-04-14,9,15.217500000000001,0.6666666666666666,3.062222222222222,5.911111111111111,0.7492222222222222,10017.597777777779,301.1433333333333
2024-04-15,10,11.203,0.5,2.9539999999999997,4.2299999999999995,0.764,8203.996,294.61800000000005
2024-04-16,6,21.618958333333335,0.5,3.0366666666666666,4.95,0.6995,7524.916666666667,298.6033333333333
2024-04-17,4,28.673437500000002,0.5,2.805,5.325,0.765,11188.5775,245.865
2024-04-18,8,11.44671875,0.625,2.99125,5.575,0.825875,8558.275,231.40625
2024-04-19,7,11.654285714285715,0.42857142857142855,3.0028571428571427,3.5714285714285716,0.7631428571428572,7956.862857142857,164.28142857142856
2024-04-20,9,8.411111111111111,0.5555555555555556,3.0933333333333333,4.577777777777778,0.6747777777777778,6302.136666666666,185.9033333333333
2024-04-21,7,24.069107142857145,0.5714285714285714,2.7528571428571427,4.8,0.7608571428571429,8126.018571428571,243.34857142857143
2024-04-22,4,29.8159375,0.75,1.795,5.325,0.66925,11691.92,322.52750000000003
2024-04-23,5,4.402,0.6,2.088,4.92,0.6484,4850.774,207.52200000000002
2024-04-24,5,27.141999999999996,0.6,2.806,4.82,0.6934,9585.628,287.11
2024-04-25,7,6.937142857142858,0.8571428571428571,2.762857142857143,5.757142857142857,0.7332857142857143,8090.071428571428,207.19571428571427
2024-04-26,12,12.584166666666667,0.5833333333333334,3.1649999999999996,3.9583333333333335,0.75325,7560.145833333333,177.1575
2024-04-27,9,12.148194444444446,0.6666666666666666,2.57,5.077777777777778,0.6499999999999999,7109.236666666667,215.57555555555555
2024-04-28,11,11.070340909090909,0.45454545454545453,3.0936363636363637,3.909090909090909,0.8041818181818182,9361.068181818182,252.02636363636364
2024-04-29,3,29.26125,1.0,3.15,6.166666666666667,0.5666666666666668,7614.509999999999,276.72666666666663
2024-04-30,9,12.280416666666667,0.7777777777777778,2.707777777777778,5.911111111111111,0.6706666666666666,6230.202222222222,238.98444444444445
2024-05-01,4,17.865000000000002,0.5,2.74,2.1,0.70775,10257.842499999999,154.1475
2024-05-02,7,6.817142857142857,0.7142857142857143,2.6314285714285717,5.414285714285714,0.7542857142857143,8401.832857142857,311.2114285714286
2024-05-03,6,15.835625,0.5,2.1483333333333334,5.066666666666666,0.8558333333333333,10630.203333333333,232.75333333333333
2024-05-04,6,20.687291666666667,0.5,3.158333333333333,6.1499999999999995,0.7261666666666667,9264.286666666667,215.85833333333335
2024-05-05,5,14.280750000000001,0.4,4.046,4.66,0.6904,7979.444,275.762
2024-05-06,5,15.92475,0.6,2.572,3.88,0.8576,10113.746000000001,277.13599999999997
2024-05-07,7,8.52142857142857,0.5714285714285714,2.954285714285714,5.171428571428572,0.8614285714285714,7523.654285714286,209.37714285714284
2024-05-08,4,0.8400000000000001,0.5,2.9,5.15,0.81225,10451.855,318.8025
2024-05-09,10,10.518375,0.6,2.15,4.29,0.7157,6479.034,268.299
2024-05-10,6,7.676666666666667,1.0,2.9283333333333332,6.433333333333334,0.7991666666666667,4034.64,249.745
2024-05-11,5,14.606,0.4,3.198,4.720000000000001,0.674,6910.683999999999,153.35
2024-05-12,6,16.190625,0.8333333333333334,2.5233333333333334,4.233333333333333,0.7946666666666666,9042.993333333334,246.8216666666667
2024-05-13,9,15.000416666666666,0.3333333333333333,2.776666666666667,5.411111111111111,0.7747777777777778,6468.406666666667,293.21666666666664
2024-05-14,6,8.703333333333333,0.5,3.171666666666667,4.5,0.7679999999999999,7701.301666666666,336.87166666666667
2024-05-15,12,17.906458333333333,0.6666666666666666,3.2241666666666666,4.491666666666666,0.7608333333333334,9011.705,247.05416666666667
2024-05-16,6,19.612291666666668,0.5,3.2566666666666664,6.266666666666667,0.763,9292.826666666666,268.16
2024-05-17,7,12.057142857142859,0.7142857142857143,3.2057142857142855,4.3,0.7575714285714286,6881.858571428572,274.6014285714286
2024-05-18,8,9.80375,0.625,2.93375,4.3375,0.7265,9588.025,174.92625
2024-05-19,5,14.24,0.8,2.842,3.6199999999999997,0.6839999999999999,8583.826,233.948
2024-05-20,14,17.902410714285715,0.5714285714285714,3.0685714285714285,6.285714285714286,0.7922142857142856,9157.454285714286,251.95642857142857
2024-05-21,6,13.368958333333333,1.0,3.2433333333333336,5.266666666666667,0.7988333333333334,8380.736666666666,380.25333333333333
2024-05-22,7,17.05482142857143,0.7142857142857143,2.455714285714286,4.614285714285714,0.7812857142857143,8054.271428571429,302.75428571428574
2024-05-23,12,13.393333333333333,0.6666666666666666,3.2591666666666668,5.133333333333334,0.7050000000000001,9347.936666666666,219.4283333333333
2024-05-24,5,4.396,0.6,2.464,4.44,0.8295999999999999,3167.596,248.55599999999998
2024-05-25,7,14.189107142857143,0.8571428571428571,3.1285714285714286,5.142857142857143,0.6698571428571428,6872.342857142858,191.3014285714286
2024-05-26,7,25.059642857142858,0.7142857142857143,2.3628571428571425,5.114285714285714,0.7981428571428572,8911.961428571429,320.51000000000005
2024-05-27,7,19.00482142857143,0.5714285714285714,3.011428571428571,4.328571428571428,0.8027142857142857,7757.6614285714295,228.98714285714283
2024-05-28,2,5.71,0.0,3.625,2.3,0.841,7017.27,15.75
2024-05-29,7,17.236785714285713,0.5714285714285714,2.8314285714285714,5.3,0.6624285714285715,4897.58,279.53714285714284
2024-05-30,3,3.16,1.0,2.5166666666666666,4.3,0.8236666666666667,5174.373333333333,296.4266666666667
2024-05-31,10,17.090750000000003,0.6,3.252,5.0600000000000005,0.7452,7609.735000000001,267.413
2024-06-01,10,11.729375000000001,0.8,2.835,3.79,0.8084,8100.313,237.97799999999998
2024-06-02,6,10.406666666666666,0.3333333333333333,2.956666666666667,4.3,0.7258333333333334,7414.315,240.31333333333336
2024-06-03,8,26.17890625,0.625,3.10125,5.125,0.7515000000000001,10135.0025,335.66125
2024-06-04,4,6.1525,0.75,2.6825,3.7750000000000004,0.7835000000000001,5637.5775,177.2525
2024-06-05,12,22.800937500000003,0.6666666666666666,2.765833333333333,3.8000000000000003,0.6568333333333333,7700.0075,258.1616666666667
2024-06-06,8,10.2,0.875,3.0225,6.324999999999999,0.738375,7454.16,172.5625
2024-06-07,7,20.876785714285717,0.7142857142857143,2.3642857142857143,4.514285714285714,0.7999999999999999,8666.07142857143,304.7942857142857
2024-06-08,5,27.959500000000002,1.0,2.504,6.3,0.666,7206.8820000000005,276.13599999999997
2024-06-09,3,11.58,1.0,2.4466666666666668,6.833333333333333,0.7319999999999999,8225.526666666667,294.52666666666664
2024-06-10,13,23.048076923076923,0.7692307692307693,2.4992307692307696,5.1,0.8117692307692308,7243.030769230769,230.75615384615384
2024-06-11,6,16.125625,0.6666666666666666,2.876666666666667,3.1666666666666665,0.7305,8774.789999999999,178.03833333333333
2024-06-12,10,13.708375,0.7,2.503,3.65,0.7918,7453.231,235.70999999999998
2024-06-13,4,6.9825,0.5,2.5825,3.6750000000000003,0.696,12153.08,271.435
2024-06-14,4,19.465,0.5,2.9225000000000003,5.475,0.8405,8980.23,354.635
2024-06-15,8,8.32625,0.5,2.36625,4.175,0.701,6706.4925,310.6325
2024-06-16,4,6.675000000000001,0.5,2.3525,2.975,0.86225,9780.23,119.8125
2024-06-17,9,8.502638888888889,0.6666666666666666,2.2655555555555558,3.5888888888888886,0.8191111111111111,7655.525555555555,260.20000000000005
2024-06-18,6,19.810625,0.8333333333333334,2.2116666666666664,5.433333333333334,0.7775,6277.285,363.80833333333334
2024-06-19,9,13.284861111111113,0.6666666666666666,2.917777777777778,4.688888888888889,0.6816666666666666,9061.502222222223,176.70999999999998
2024-06-20,6,16.546666666666667,0.3333333333333333,3.0583333333333336,3.466666666666667,0.7863333333333333,10249.074999999999,216.50666666666666
2024-06-21,7,11.195714285714287,0.42857142857142855,3.575714285714286,6.885714285714286,0.7452857142857143,6810.165714285715,219.60285714285715
2024-06-22,5,15.925999999999998,0.2,3.6740000000000004,3.22,0.7485999999999999,8383.836,250.686
2024-06-23,6,21.475624999999997,0.8333333333333334,2.86,4.833333333333333,0.6981666666666667,4259.788333333333,237.31000000000003
2024-06-24,4,9.09,0.5,2.9875,4.025,0.63375,10244.4,186.92
2024-06-25,6,26.589583333333337,0.8333333333333334,2.5783333333333336,6.433333333333334,0.7083333333333334,8172.408333333333,279.43333333333334
2024-06-26,8,11.07375,0.625,3.24125,5.5375,0.692125,6706.44375,251.16125
2024-06-27,8,18.754687500000003,0.625,2.6225,4.55,0.73125,6949.8925,365.39625
2024-06-28,11,15.45215909090909,0.9090909090909091,2.916363636363636,7.545454545454546,0.7496363636363637,8272.942727272726,315.4009090909091
2024-06-29,4,7.3774999999999995,1.0,2.3825000000000003,6.05,0.73375,9055.48,337.4625
2024-06-30,7,16.100535714285716,0.7142857142857143,3.577142857142857,6.028571428571429,0.7478571428571428,7421.315714285714,268.66714285714284
2024-07-01,3,20.281250000000004,0.3333333333333333,1.6266666666666667,3.533333333333333,0.7106666666666667,10788.763333333334,292.96
2024-07-02,6,14.325625,0.5,3.105,6.416666666666667,0.9106666666666667,7575.985,289.8383333333333
2024-07-03,8,11.68625,0.5,2.4475,4.675000000000001,0.79475,8308.09625,301.96375
2024-07-04,5,13.452000000000002,0.8,2.87,6.220000000000001,0.7302,7168.126000000001,357.536
2024-07-05,5,2.286,0.8,2.818,2.8,0.8022,5928.39,131.96800000000002
2024-07-06,4,15.657499999999999,0.5,2.8125,6.699999999999999,0.656,8534.3075,204.2775
2024-07-07,4,16.2575,0.25,3.3950000000000005,5.475,0.7365,9913.925000000001,270.72
2024-07-08,3,21.234583333333337,0.6666666666666666,2.84,0.5666666666666667,0.8756666666666667,5297.75,258.34666666666664
2024-07-09,7,15.93625,0.7142857142857143,2.9899999999999998,5.728571428571429,0.6621428571428571,8899.725714285714,308.12142857142857
2024-07-10,7,16.841964285714287,0.42857142857142855,3.342857142857143,6.985714285714286,0.7725714285714286,8151.410000000001,250.48857142857145
2024-07-11,7,9.17,0.5714285714285714,2.275714285714286,6.771428571428571,0.7944285714285714,9654.227142857142,335.86571428571426
2024-07-12,3,7.166666666666667,0.6666666666666666,1.6500000000000001,3.4333333333333336,0.9106666666666667,4306.803333333333,186.26
2024-07-13,10,18.01175,0.5,2.999,3.97,0.8158,9061.735,334.32
2024-07-14,6,22.91791666666667,0.6666666666666666,2.466666666666667,8.166666666666666,0.7801666666666667,7339.055,207.85500000000002
2024-07-15,7,25.436785714285715,0.7142857142857143,2.4257142857142857,3.814285714285714,0.7434285714285714,9935.608571428571,252.7057142857143
2024-07-16,6,10.170625,0.6666666666666666,3.4233333333333333,4.116666666666666,0.7081666666666666,7142.468333333333,265.54333333333335
2024-07-17,3,32.937916666666666,0.6666666666666666,2.2733333333333334,5.033333333333332,0.8373333333333334,7375.29,232.85999999999999
2024-07-18,4,5.282500000000001,0.5,2.2800000000000002,3.875,0.845,7123.6475,126.76
2024-07-19,3,20.48333333333333,1.0,2.103333333333333,5.900000000000001,0.6336666666666667,5635.18,242.56666666666663
2024-07-20,3,16.756666666666668,0.6666666666666666,2.733333333333333,6.3,0.8106666666666666,5319.496666666667,285.2966666666667
2024-07-21,5,13.006,0.6,2.932,8.02,0.7086,6965.796,166.832
2024-07-22,8,17.2684375,0.5,2.7825,4.7125,0.740625,7162.28125,258.55625
2024-07-23,11,3.1954545454545453,0.36363636363636365,2.7190909090909092,5.027272727272727,0.7629090909090909,6099.314545454546,258.9290909090909
2024-07-24,7,7.995714285714286,0.42857142857142855,3.1228571428571428,4.457142857142857,0.5832857142857143,4792.685714285714,171.71571428571428
2024-07-25,5,15.193999999999999,0.4,3.3299999999999996,4.720000000000001,0.6178,9052.274000000001,283.916
2024-07-26,3,13.786666666666667,0.6666666666666666,2.6633333333333336,5.3,0.6573333333333333,4979.86,167.71
2024-07-27,7,13.531964285714285,1.0,2.677142857142857,4.428571428571429,0.7562857142857142,7617.938571428572,221.17428571428573
2024-07-28,3,28.851250000000004,0.6666666666666666,3.116666666666667,6.533333333333332,0.715,6890.8533333333335,267.43666666666667
2024-07-29,7,11.651428571428571,0.42857142857142855,2.605714285714286,5.985714285714287,0.7699999999999999,7215.481428571429,195.03
2024-07-30,7,14.841964285714287,0.5714285714285714,2.52,4.557142857142857,0.7418571428571428,9491.868571428571,216.1657142857143
2024-07-31,7,27.507678571428574,0.5714285714285714,3.1271428571428572,3.814285714285714,0.7504285714285714,7793.908571428571,297.51714285714286
2024-08-01,1,32.32,1.0,3.04,6.6,0.566,11819.16,255.37
2024-08-02,5,6.04,0.6,1.7280000000000002,5.18,0.7468,5896.088000000001,173.994
2024-08-03,4,12.844999999999999,0.5,3.5025000000000004,3.35,0.7975,8419.9175,261.14
2024-08-04,11,11.371818181818183,0.6363636363636364,2.767272727272727,4.263636363636364,0.7248181818181818,6137.053636363636,222.31454545454545
2024-08-05,4,18.5459375,0.75,3.3625,6.775,0.75825,6340.1775,357.505
2024-08-06,5,23.047500000000003,0.8,3.476,2.8400000000000003,0.6761999999999999,7522.878,219.92799999999997
2024-08-07,8,12.51546875,0.5,3.06125,5.0125,0.818875,7886.3550000000005,186.755
2024-08-08,8,5.19375,0.375,3.3674999999999997,5.925,0.8335,5824.65875,222.89875
2024-08-09,2,11.059999999999999,0.5,3.6,5.05,0.726,10998.485,372.56
2024-08-10,5,17.354750000000003,0.8,3.026,8.42,0.7432000000000001,7081.032000000001,278.73400000000004
2024-08-11,8,4.27,0.375,2.93125,6.075,0.792,4613.5,254.93124999999998
2024-08-12,9,14.410833333333336,0.7777777777777778,2.6133333333333333,6.022222222222222,0.8108888888888889,8456.742222222221,231.14222222222224
2024-08-13,5,9.656,0.4,2.762,5.58,0.729,7377.656,197.58200000000002
2024-08-14,10,17.37775,0.8,2.788,4.8,0.7594000000000001,7487.2300000000005,259.71
2024-08-15,6,12.533333333333333,0.8333333333333334,2.8766666666666665,5.533333333333334,0.8029999999999999,4642.386666666666,290.41833333333335
2024-08-16,6,11.645000000000001,0.6666666666666666,3.605,4.35,0.8531666666666666,7178.829999999999,189.4533333333333
2024-08-17,8,19.8496875,0.875,2.5075000000000003,5.4125,0.709875,8332.7,237.53
2024-08-18,10,16.043375,0.7,3.073,4.720000000000001,0.772,7108.186,225.872
2024-08-19,9,10.30888888888889,0.2222222222222222,2.4544444444444444,4.7333333333333325,0.8317777777777777,6661.682222222222,304.4011111111111
2024-08-20,3,6.94,0.3333333333333333,2.186666666666667,4.233333333333333,0.8079999999999999,10559.516666666666,193.96333333333334
2024-08-21,8,23.458437500000002,0.875,3.06,3.8125,0.72875,8954.2625,234.93
2024-08-22,4,4.6625,1.0,3.105,4.0,0.6072500000000001,9732.32,192.60250000000002
2024-08-23,6,26.68291666666667,0.5,2.8783333333333334,4.0,0.7086666666666667,5311.403333333333,317.59
2024-08-24,4,21.9609375,0.75,3.135,1.7,0.6812499999999999,6902.932500000001,384.78999999999996
2024-08-25,6,4.22,0.3333333333333333,2.938333333333333,3.1,0.7091666666666666,8619.318333333335,258.4633333333333
2024-08-26,7,3.5828571428571427,0.7142857142857143,2.66,4.542857142857143,0.7627142857142858,7018.117142857142,280.86428571428576
2024-08-27,8,13.20125,0.75,2.96875,7.725,0.813,5134.58375,158.63375
2024-08-28,6,17.090625000000003,0.8333333333333334,2.5050000000000003,2.9,0.7246666666666667,9250.998333333335,225.93499999999997
2024-08-29,7,10.727142857142857,0.7142857142857143,2.7342857142857144,5.0,0.7545714285714286,6348.438571428572,298.1542857142857
2024-08-30,8,19.82546875,0.875,3.015,5.05,0.747375,6666.9025,277.36625
2024-08-31,8,23.587187500000002,0.75,3.59,4.1625,0.82325,9560.67,321.3575
2024-09-01,8,11.944218750000001,0.625,2.96625,4.9375,0.75225,9943.97,235.98250000000002
2024-09-02,6,19.673958333333335,0.6666666666666666,3.2016666666666667,4.55,0.7065,8741.146666666666,268.59666666666664
2024-09-03,13,18.40875,0.6153846153846154,2.7984615384615386,4.561538461538461,0.661846153846154,6756.071538461538,162.79615384615383
2024-09-04,5,15.285999999999998,0.6,3.2039999999999997,3.0200000000000005,0.7094,9488.728,278.866
2024-09-05,9,17.51,0.6666666666666666,3.031111111111111,3.388888888888889,0.7463333333333334,7418.053333333333,242.46333333333334
2024-09-06,8,17.416249999999998,0.5,2.515,5.8375,0.722,8043.71,258.50875
2024-09-07,9,6.6466666666666665,0.5555555555555556,2.6044444444444443,4.488888888888889,0.7703333333333333,6053.557777777778,208.78666666666666
2024-09-08,4,17.9225,0.25,1.8450000000000002,0.7749999999999999,0.76675,7423.6525,366.28000000000003
2024-09-09,5,19.954,0.8,2.9419999999999997,7.58,0.7502000000000001,9079.323999999999,176.06
2024-09-10,11,10.923977272727273,0.45454545454545453,2.99,5.9363636363636365,0.7287272727272728,5554.24,232.07181818181817
2024-09-11,11,18.014318181818183,0.6363636363636364,2.955454545454545,3.8454545454545452,0.7739090909090909,6254.706363636364,261.8890909090909
2024-09-12,9,16.174444444444443,0.4444444444444444,3.0244444444444443,5.988888888888889,0.741,6460.031111111111,183.79555555555555
2024-09-13,7,13.266250000000001,0.7142857142857143,2.7257142857142855,5.885714285714286,0.7518571428571429,7706.167142857143,306.83714285714285
2024-09-14,4,8.96,0.75,2.7425,3.6999999999999997,0.787,5889.87,176.47
2024-09-15,9,15.050833333333335,0.6666666666666666,2.6144444444444446,5.988888888888889,0.7877777777777778,6884.74,284.2444444444444
2024-09-16,2,31.716875,0.5,2.565,7.65,0.8285,6580.725,241.53
2024-09-17,3,6.75,0.6666666666666666,2.7733333333333334,5.466666666666668,0.7393333333333333,7045.543333333334,266.6333333333334
2024-09-18,6,14.171666666666667,0.8333333333333334,3.578333333333333,5.516666666666666,0.8831666666666665,8131.206666666668,255.46333333333334
2024-09-19,6,9.0,0.3333333333333333,2.98,3.9499999999999997,0.7496666666666667,7426.651666666668,258.05333333333334
2024-09-20,3,12.93,0.3333333333333333,2.9933333333333336,2.7000000000000006,0.668,9637.64,212.74666666666667
2024-09-21,5,10.906,0.2,2.852,5.1,0.8140000000000001,8081.438,174.858
2024-09-22,4,12.943437500000002,0.75,2.9825,4.675,0.8095,8095.8325,132.475
2024-09-23,4,7.445,0.5,3.02,3.45,0.711,9060.62,148.135
2024-09-24,10,7.991,0.8,2.1239999999999997,5.24,0.7576,6740.012,238.18200000000002
2024-09-25,5,10.559999999999999,0.6,2.832,4.32,0.6891999999999999,6181.638,227.942
2024-09-26,7,8.107142857142858,0.42857142857142855,3.18,4.328571428571428,0.8474285714285715,5822.6214285714295,253.32714285714286
2024-09-27,10,10.392999999999999,0.7,2.726,5.529999999999999,0.7165999999999999,6693.544,276.592
2024-09-28,14,17.736696428571427,0.7857142857142857,2.665,6.778571428571429,0.785357142857143,7916.809285714286,268.22214285714284
2024-09-29,2,16.135,0.5,3.26,3.35,0.7615000000000001,11689.85,281.265
2024-09-30,11,15.400681818181821,0.8181818181818182,3.1954545454545453,4.718181818181818,0.6955454545454546,8001.294545454546,197.34363636363634
2024-10-01,8,5.390000000000001,0.5,3.125,7.65,0.663625,6237.14,221.83249999999998
2024-10-02,8,8.687968750000001,0.75,2.7912500000000002,3.475,0.7983750000000001,5306.365,351.87874999999997
2024-10-03,5,23.65275,0.8,3.768,4.659999999999999,0.7498,9022.358,140.36399999999998
2024-10-04,4,32.331875000000004,0.75,2.295,4.25,0.76325,5609.8075,311.36
2024-10-05,8,23.810156250000002,0.5,2.8000000000000003,5.05,0.776625,9320.96875,269.72249999999997
2024-10-06,9,12.328888888888889,0.2222222222222222,2.692222222222222,5.233333333333333,0.741111111111111,7725.648888888889,176.87
2024-10-07,5,6.715999999999999,0.4,2.952,5.26,0.8148,5909.174,190.03400000000002
2024-10-08,12,20.331458333333334,0.5833333333333334,3.2975,5.625,0.7629166666666666,6856.142500000001,245.86083333333332
2024-10-09,7,7.112857142857144,0.7142857142857143,3.1271428571428572,3.6285714285714286,0.7481428571428571,6788.954285714286,268.73857142857145
2024-10-10,8,20.9709375,0.875,3.2175000000000002,5.4,0.747,8975.405,244.37125
2024-10-11,7,18.924821428571427,0.42857142857142855,2.5300000000000002,5.0,0.7758571428571429,6330.262857142857,285.3442857142857
2024-10-12,9,22.054861111111112,0.7777777777777778,2.98,5.766666666666667,0.7958888888888889,8941.656666666668,234.79999999999998
2024-10-13,6,4.35,0.3333333333333333,2.6333333333333333,5.5,0.8015,7280.068333333334,291.40500000000003
2024-10-14,5,14.280000000000001,0.8,3.182,4.8,0.7326,9082.066,258.178
2024-10-15,4,15.4309375,0.75,2.4225,4.375,0.7737499999999999,6463.7325,118.58749999999999
2024-10-16,8,11.09546875,0.75,2.095,5.7625,0.693125,9515.035,247.71499999999997
2024-10-17,5,13.001999999999999,0.4,4.172,6.26,0.7032,7740.334,283.794
2024-10-18,7,7.965714285714285,0.42857142857142855,2.6485714285714286,3.642857142857143,0.711857142857143,10311.635714285714,217.2242857142857
2024-10-19,7,18.160535714285718,0.5714285714285714,3.2328571428571427,4.485714285714286,0.7190000000000001,6718.534285714285,298.29
2024-10-20,7,5.13,0.42857142857142855,2.2671428571428573,5.385714285714286,0.7597142857142857,7870.615714285714,328.40000000000003
2024-10-21,7,18.764821428571427,1.0,2.525714285714286,8.028571428571428,0.7788571428571428,4792.465714285715,261.93
2024-10-22,8,7.6525,0.25,2.37125,5.15,0.755875,7760.44375,228.14625
2024-10-23,7,9.726250000000002,0.2857142857142857,2.8628571428571425,4.871428571428572,0.7717142857142857,6559.621428571429,206.75142857142856
2024-10-24,5,3.5799999999999996,0.4,2.452,6.34,0.6866,7855.818000000001,223.93400000000003
2024-10-25,9,13.747777777777777,0.5555555555555556,2.801111111111111,4.022222222222222,0.8244444444444444,8640.095555555556,268.18
2024-10-26,3,9.883333333333333,0.6666666666666666,3.5100000000000002,6.433333333333334,0.665,5975.253333333334,353.32666666666665
2024-10-27,6,12.729999999999999,1.0,2.86,4.883333333333334,0.8293333333333334,8541.086666666668,311.8616666666667
2024-10-28,6,14.649999999999999,0.8333333333333334,3.328333333333333,6.383333333333333,0.7573333333333333,5796.8533333333335,226.26999999999998
2024-10-29,16,17.559687500000003,0.875,2.7575,5.29375,0.7675,7980.475,253.45749999999998
2024-10-30,3,3.3866666666666667,0.6666666666666666,3.516666666666667,2.766666666666667,0.7130000000000001,5450.333333333333,241.08333333333334
2024-10-31,6,12.070625000000001,0.6666666666666666,2.9133333333333336,5.533333333333334,0.8918333333333334,5900.588333333333,229.42499999999998
2024-11-01,10,15.875375,0.5,2.929,5.34,0.7847999999999999,7215.911,225.821
2024-11-02,10,9.434375,0.5,2.478,3.9200000000000004,0.8057000000000001,6349.692,216.221
2024-11-03,11,18.566704545454545,0.5454545454545454,2.510909090909091,5.127272727272727,0.7169090909090909,9186.028181818181,310.07272727272726
2024-11-04,8,9.3125,0.75,3.06,5.1875,0.73475,5463.4175000000005,270.14
2024-11-05,10,20.330125000000002,0.5,2.908,4.77,0.7735000000000001,8552.886999999999,255.42600000000002
2024-11-06,5,25.862000000000002,0.6,2.6,7.74,0.6132000000000001,10763.181999999999,245.72600000000003
2024-11-07,8,10.96125,0.625,3.1437500000000003,4.85,0.797125,6721.52375,231.60625
2024-11-08,5,10.924000000000001,0.6,2.9379999999999997,4.819999999999999,0.7782,6501.834,331.04200000000003
2024-11-09,4,5.8675,0.75,2.725,5.125,0.8644999999999999,7275.0975,216.36249999999998
2024-11-10,6,14.092291666666668,0.5,3.3216666666666668,4.483333333333333,0.7236666666666666,9491.941666666668,242.82000000000002
2024-11-11,9,12.909305555555555,0.5555555555555556,2.9433333333333334,5.888888888888889,0.7622222222222221,8767.396666666667,172.16111111111113
2024-11-12,8,15.94796875,0.625,2.6725,6.875,0.711375,6105.54,289.26374999999996
2024-11-13,8,6.88125,0.75,2.2824999999999998,4.8,0.760375,5618.65625,241.8375
2024-11-14,6,11.75,0.8333333333333334,2.4716666666666667,3.7000000000000006,0.6846666666666668,5977.900000000001,208.22833333333332
2024-11-15,6,11.923333333333334,0.6666666666666666,3.268333333333333,4.733333333333333,0.7371666666666666,8075.981666666667,174.35333333333332
2024-11-16,11,11.307272727272727,0.6363636363636364,2.901818181818182,4.3999999999999995,0.7763636363636363,7659.064545454546,276.03181818181815
2024-11-17,10,12.066375,0.9,2.197,6.05,0.7329,6061.5419999999995,226.541
2024-11-18,6,9.023333333333335,0.5,2.563333333333333,2.8833333333333333,0.763,6346.025000000001,270.6466666666667
2024-11-19,7,20.126250000000002,0.7142857142857143,1.8228571428571427,6.914285714285714,0.6778571428571428,9711.807142857142,258.37857142857143
2024-11-20,7,29.19589285714286,0.7142857142857143,2.572857142857143,5.214285714285714,0.7372857142857142,10975.300000000001,244.79285714285714
2024-11-21,4,29.936875000000004,0.75,2.875,3.95,0.80825,8685.6,145.08249999999998
2024-11-22,10,13.969750000000001,0.5,2.523,4.39,0.7363,6772.653,270.587
2024-11-23,7,14.407678571428573,0.5714285714285714,3.255714285714286,6.585714285714286,0.8347142857142857,7224.542857142857,236.79857142857142
2024-11-24,6,17.523958333333333,0.5,2.2183333333333333,3.5,0.6586666666666666,11300.295,183.65166666666664
2024-11-25,9,23.16791666666667,0.7777777777777778,2.727777777777778,4.111111111111111,0.7447777777777778,8795.261111111111,295.1377777777777
2024-11-26,6,14.740625,0.8333333333333334,2.6316666666666664,4.716666666666667,0.8253333333333334,6488.325,279.28000000000003
2024-11-27,6,10.146666666666667,0.5,2.526666666666667,5.3999999999999995,0.7561666666666667,6428.16,368.1666666666667
2024-11-28,9,5.096666666666667,0.5555555555555556,2.8444444444444446,4.2555555555555555,0.7255555555555556,4446.88,246.25666666666666
2024-11-29,3,10.336666666666668,0.3333333333333333,3.25,3.9,0.8266666666666667,10633.336666666668,141.04
2024-11-30,6,3.763333333333333,0.8333333333333334,2.68,4.083333333333333,0.8178333333333333,10143.4,276.075
2024-12-01,11,14.356363636363637,0.6363636363636364,2.710909090909091,5.390909090909091,0.7658181818181817,9684.270909090908,262.0263636363636
2024-12-02,5,11.604,0.4,3.5140000000000002,4.4,0.7822,8320.804,253.03400000000002
2024-12-03,6,25.881250000000005,0.8333333333333334,3.0383333333333336,5.6499999999999995,0.8178333333333333,7996.69,276.96
2024-12-04,9,11.785555555555554,0.7777777777777778,3.3855555555555554,5.466666666666667,0.7847777777777778,6421.422222222222,198.23444444444442
2024-12-05,13,14.89721153846154,0.6153846153846154,3.2353846153846155,5.207692307692308,0.7612307692307693,7766.799230769231,267.0646153846154
2024-12-06,6,18.211250000000003,0.8333333333333334,2.6133333333333333,4.2,0.7925,7571.283333333333,283.705
2024-12-07,6,26.370625,0.6666666666666666,2.8016666666666663,3.5,0.8210000000000001,10211.058333333332,254.79
2024-12-08,2,7.46,1.0,2.045,7.65,0.8474999999999999,6519.34,245.18
2024-12-09,8,25.508906250000003,0.75,2.7175,3.15,0.620125,8922.50875,288.14
2024-12-10,7,10.587142857142856,0.5714285714285714,2.9385714285714286,2.8285714285714283,0.8272857142857143,6817.748571428571,263.7442857142857
2024-12-11,7,12.688571428571427,0.7142857142857143,2.7028571428571433,6.2,0.7708571428571428,7593.072857142857,230.09285714285713
2024-12-12,7,11.1,0.5714285714285714,3.404285714285714,7.3999999999999995,0.7398571428571429,8793.67857142857,309.64285714285717
2024-12-13,6,16.985625000000002,0.6666666666666666,3.106666666666667,3.3000000000000003,0.7596666666666666,9187.833333333334,101.28500000000001
2024-12-14,8,16.05171875,0.5,2.85375,5.6875,0.79375,8476.715,300.87375
2024-12-15,3,5.760000000000001,0.3333333333333333,2.9233333333333333,3.0666666666666664,0.8876666666666667,9562.336666666668,261.37
2024-12-16,5,5.917999999999999,0.4,3.2340000000000004,5.76,0.6974,8688.039999999999,159.206
2024-12-17,7,22.843035714285715,0.7142857142857143,2.2800000000000002,5.8999999999999995,0.7705714285714286,7157.507142857142,291.34285714285716
2024-12-18,10,15.288375000000002,0.8,3.191,5.5200000000000005,0.8109999999999999,6689.088000000001,281.429
2024-12-19,8,21.74671875,0.625,3.0637499999999998,4.5875,0.6905,9584.11875,209.31625000000003
2024-12-20,6,15.437291666666667,0.8333333333333334,3.7383333333333333,6.3,0.6733333333333333,5926.611666666667,224.355
2024-12-21,4,1.9275,0.5,3.345,6.625,0.84675,4688.150000000001,253.24
2024-12-22,6,18.012291666666666,0.6666666666666666,3.6733333333333333,6.133333333333333,0.8623333333333334,6066.43,154.92999999999998
2024-12-23,5,8.302,0.6,2.666,4.88,0.8160000000000001,8091.326000000001,291.154
2024-12-24,6,14.730625000000002,0.6666666666666666,3.5566666666666666,4.283333333333334,0.655,7596.150000000001,189.97166666666666
2024-12-25,9,26.90902777777778,0.8888888888888888,2.911111111111111,4.988888888888889,0.762888888888889,8755.947777777777,251.26333333333332
2024-12-26,9,14.06375,0.5555555555555556,3.1044444444444443,3.111111111111111,0.7468888888888888,9933.617777777778,253.8777777777778
2024-12-27,3,37.931250000000006,0.6666666666666666,3.546666666666667,7.6000000000000005,0.773,12188.836666666668,316.50666666666666
2024-12-28,8,7.93125,0.375,2.2725,5.3,0.70175,4204.75125,230.39125
2024-12-29,5,25.25,0.6,2.56,4.119999999999999,0.6538,7726.610000000001,316.87
2024-12-30,2,39.711875000000006,0.5,1.645,5.15,0.782,9987.689999999999,235.62
2024-12-31,3,0.5,0.3333333333333333,3.6133333333333333,5.966666666666666,0.7869999999999999,2790.2566666666667,337.17333333333335
2025-01-01,7,14.819107142857145,0.42857142857142855,2.5885714285714285,5.8,0.706857142857143,8014.95,273.34000000000003
2025-01-02,11,7.370909090909091,0.6363636363636364,3.0427272727272725,4.845454545454545,0.6869090909090909,6428.062727272728,299.40727272727275
2025-01-03,6,9.575000000000001,0.3333333333333333,3.0866666666666664,3.233333333333333,0.7791666666666667,7780.141666666666,277.33
2025-01-04,9,19.88930555555556,0.7777777777777778,2.6444444444444444,4.555555555555555,0.7564444444444445,8038.233333333334,219.11111111111111
2025-01-05,10,13.306375,0.6,3.034,4.34,0.8172,7580.869000000001,176.797
2025-01-06,4,9.09,1.0,2.625,4.375,0.7052499999999999,7590.0525,337.48
2025-01-07,4,12.442499999999999,0.5,2.2,2.9,0.8645,7642.032499999999,132.1975
2025-01-08,6,19.387291666666666,0.6666666666666666,3.58,5.366666666666667,0.7901666666666666,9737.726666666667,254.7266666666667
2025-01-09,7,21.860535714285714,0.8571428571428571,3.224285714285714,7.471428571428571,0.6837142857142856,11256.868571428571,264.38714285714286
2025-01-10,4,22.5425,0.5,2.965,6.074999999999999,0.61025,9220.005000000001,290.265
2025-01-11,8,15.6084375,0.875,2.65,4.2875,0.686875,9298.43375,263.0775
2025-01-12,10,11.977375,0.6,2.979,5.37,0.8144,7646.627,283.69
2025-01-13,4,12.3025,0.5,3.5,7.375,0.7775,9081.6525,182.56
2025-01-14,9,5.527777777777778,0.3333333333333333,2.212222222222222,4.344444444444444,0.715,6546.655555555555,298.0377777777778
2025-01-15,6,6.96,0.8333333333333334,3.225,6.283333333333334,0.7323333333333334,5198.755,219.82500000000002
2025-01-16,8,9.00171875,0.5,2.715,3.8,0.8063750000000001,4420.8425,213.2725
2025-01-17,12,10.045,0.4166666666666667,3.1458333333333335,3.6333333333333333,0.7145,5443.8949999999995,284.42
2025-01-18,6,11.89,0.8333333333333334,3.1533333333333338,7.25,0.6965,8257.191666666668,289.675
2025-01-19,7,18.851428571428574,0.7142857142857143,2.642857142857143,5.485714285714286,0.6477142857142857,9083.057142857144,283.1871428571429
2025-01-20,8,13.667968750000002,0.75,3.3725,5.625,0.71175,6437.6525,213.64000000000001
2025-01-21,5,14.418000000000001,0.8,2.978,5.5,0.7226,3765.53,259.82
2025-01-22,3,27.611250000000002,0.6666666666666666,2.4,6.7,0.73,7025.633333333332,237.95333333333335
2025-01-23,11,12.848863636363637,0.36363636363636365,2.6336363636363633,4.736363636363636,0.7358181818181818,9282.465454545454,177.5109090909091
2025-01-24,13,13.298461538461538,0.5384615384615384,2.8753846153846156,4.707692307692308,0.765,6905.543076923077,223.51846153846157
2025-01-25,8,7.452500000000001,0.5,2.40625,5.875,0.842,8275.69125,290.565
2025-01-26,7,24.369642857142857,0.8571428571428571,2.525714285714286,4.357142857142857,0.7304285714285715,10715.962857142858,328.42999999999995
2025-01-27,12,16.58395833333333,0.5,2.2016666666666667,4.766666666666667,0.78475,8146.956666666666,261.775
2025-01-28,7,15.36767857142857,0.7142857142857143,3.0814285714285714,5.514285714285714,0.8591428571428572,6866.2,236.5457142857143
2025-01-29,5,18.72275,0.4,3.7920000000000003,4.220000000000001,0.754,9222.99,209.55599999999998
2025-01-30,8,15.412968750000001,0.5,2.42,5.475,0.689625,7825.9575,183.3825
2025-01-31,6,7.823333333333333,0.16666666666666666,3.1283333333333334,2.8000000000000003,0.7366666666666667,7453.8,181.83
2025-02-01,9,21.55125,0.6666666666666666,3.017777777777778,3.822222222222222,0.8104444444444445,8461.333333333334,202.56
2025-02-02,5,21.028,0.8,3.396,7.5,0.7382,7237.762,176.48600000000002
2025-02-03,3,29.403333333333332,0.3333333333333333,3.4233333333333333,4.166666666666667,0.7153333333333333,10429.273333333333,430.96000000000004
2025-02-04,3,10.549999999999999,1.0,2.1266666666666665,6.366666666666667,0.7033333333333335,5819.776666666668,79.01666666666667
2025-02-05,3,24.69125,1.0,3.2699999999999996,2.6,0.7373333333333334,8202.48,416.29333333333335
2025-02-06,7,13.17625,0.2857142857142857,2.3985714285714286,3.142857142857143,0.6585714285714286,9952.531428571428,255.46428571428572
2025-02-07,3,5.266666666666667,1.0,2.2333333333333334,8.133333333333333,0.7160000000000001,3709.1800000000003,283.15333333333336
2025-02-08,5,13.254,0.6,2.75,7.94,0.7834,5720.987999999999,335.416
2025-02-09,12,14.654166666666667,0.5833333333333334,2.075833333333333,5.175,0.74775,5883.756666666667,260.38916666666665
2025-02-10,10,16.840750000000003,0.6,2.604,5.01,0.7442,9080.881,231.958
2025-02-11,10,13.383375000000001,0.8,3.339,6.83,0.7415,5672.488,160.002
2025-02-12,5,11.42875,0.8,2.666,7.62,0.7574,7589.498000000001,254.084
2025-02-13,5,29.328750000000003,0.8,3.2299999999999995,4.42,0.7786,7490.602000000001,243.754
2025-02-14,12,22.14510416666667,0.5,2.8808333333333334,3.6833333333333336,0.7973333333333333,9323.9325,240.39666666666668
2025-02-15,5,16.974,0.6,2.858,3.84,0.6836,6859.742,234.298
2025-02-16,6,7.596666666666667,0.6666666666666666,2.3400000000000003,4.883333333333333,0.7108333333333333,7210.686666666667,230.61166666666668
2025-02-17,6,17.15729166666667,0.3333333333333333,2.6916666666666664,5.333333333333333,0.8195,10220.54,306.825
2025-02-18,7,31.72589285714286,0.7142857142857143,2.845714285714286,3.9857142857142853,0.7838571428571429,8022.922857142857,278.0642857142857
2025-02-19,7,11.465714285714284,0.8571428571428571,2.14,5.471428571428571,0.6831428571428572,7051.024285714286,240.5957142857143
2025-02-20,7,7.8428571428571425,0.5714285714285714,2.6814285714285715,4.414285714285714,0.6611428571428571,6162.29,208.65
2025-02-21,4,5.37,0.75,2.885,5.45,0.69575,5996.05,339.0875
2025-02-22,9,15.60263888888889,0.5555555555555556,3.0744444444444445,4.211111111111111,0.7932222222222223,9609.395555555555,287.2366666666667
2025-02-23,7,2.9757142857142855,0.5714285714285714,3.792857142857143,5.814285714285715,0.7095714285714286,4631.941428571428,270.91285714285715
2025-02-24,7,21.037678571428575,0.2857142857142857,3.5028571428571427,3.5714285714285716,0.8374285714285714,9785.082857142857,269.88428571428574
2025-02-25,8,18.8271875,0.875,2.26875,5.1,0.720125,7630.7525,301.21875
2025-02-26,5,27.8615,1.0,3.3240000000000003,5.28,0.7444,8489.702000000001,247.38199999999998
2025-02-27,9,18.477083333333333,0.5555555555555556,3.1888888888888887,5.9,0.7975555555555556,7562.0,205.25777777777776
2025-02-28,8,13.802968750000002,0.625,2.41125,5.925000000000001,0.7747499999999999,7110.20875,220.5975
2025-03-01,10,6.235,0.6,2.669,5.3,0.6866,6174.488,207.349
2025-03-02,10,17.14975,0.7,2.662,5.04,0.7823,6554.469999999999,219.792
2025-03-03,3,18.423333333333336,0.3333333333333333,2.7633333333333336,3.6999999999999997,0.7923333333333334,6602.046666666666,271.74
2025-03-04,8,13.08546875,0.75,2.63875,5.15,0.751,8715.3025,265.61375
2025-03-05,12,13.808958333333335,0.75,2.8858333333333337,5.375,0.6955833333333333,7717.787499999999,237.22916666666666
2025-03-06,7,10.191428571428572,0.42857142857142855,2.6671428571428573,5.242857142857143,0.8588571428571429,9896.687142857143,331.92285714285714
2025-03-07,4,10.36,0.25,2.6475,4.4,0.6715,7738.305,197.8725
2025-03-08,5,21.272750000000002,0.6,3.002,6.06,0.7268,13274.582,304.918
2025-03-09,13,15.760288461538464,0.6923076923076923,2.7715384615384617,4.453846153846154,0.7466923076923078,7168.366923076922,221.18615384615384
2025-03-10,4,19.597499999999997,0.25,2.62,4.625,0.8665,6616.84,295.96500000000003
2025-03-11,4,5.9399999999999995,1.0,3.3975,4.95,0.7695000000000001,4924.0825,290.48249999999996
2025-03-12,6,7.303333333333332,1.0,3.158333333333333,7.283333333333334,0.8111666666666667,7295.170000000001,148.0716666666667
2025-03-13,5,19.29475,0.8,3.0620000000000003,6.2,0.738,6856.522,264.81
2025-03-14,5,4.3020000000000005,0.6,2.184,6.859999999999999,0.9040000000000001,8085.411999999999,205.11599999999999
2025-03-15,11,9.715454545454547,0.5454545454545454,2.978181818181818,5.345454545454545,0.723909090909091,8584.41,276.5609090909091
2025-03-16,10,17.00175,0.7,2.934,4.43,0.7331,5892.586,232.984
2025-03-17,6,5.614999999999999,0.3333333333333333,3.7183333333333333,5.2,0.7825000000000001,7227.546666666666,289.2
2025-03-18,4,5.485,0.25,1.8050000000000002,5.6499999999999995,0.748,4382.215,343.2725
2025-03-19,4,18.4459375,0.75,2.5825,6.0,0.7735000000000001,12225.8925,170.8975
2025-03-20,7,14.901964285714286,0.42857142857142855,2.744285714285714,2.457142857142857,0.7887142857142857,5992.921428571428,208.3742857142857
2025-03-21,6,16.065625,0.5,3.1833333333333336,4.1499999999999995,0.7364999999999999,10071.125,100.38499999999999
2025-03-22,7,18.857678571428572,0.5714285714285714,3.268571428571429,4.914285714285714,0.7187142857142856,9397.367142857143,256.07428571428574
2025-03-23,6,10.245,0.3333333333333333,3.0233333333333334,6.016666666666666,0.8313333333333333,7545.255,262.1983333333333
2025-03-24,12,8.494166666666667,0.6666666666666666,2.705,5.466666666666666,0.7646666666666667,8688.190833333334,328.93833333333333
2025-03-25,4,26.6884375,0.75,2.9725,4.75,0.70325,11620.6325,344.3475
2025-03-26,8,16.9334375,0.5,3.02875,4.0874999999999995,0.750625,6523.17125,295.72875
2025-03-27,7,14.48857142857143,0.8571428571428571,2.517142857142857,7.585714285714286,0.8035714285714286,7265.678571428572,226.60999999999999
2025-03-28,11,15.405795454545455,0.36363636363636365,2.4718181818181817,4.9363636363636365,0.745090909090909,7575.105454545454,297.7427272727273
2025-03-29,6,5.486666666666667,0.6666666666666666,2.7616666666666667,6.383333333333334,0.7976666666666666,6409.815,207.31499999999997
2025-03-30,9,26.524583333333332,0.6666666666666666,2.747777777777778,5.088888888888889,0.7186666666666667,6753.716666666666,304.47
2025-03-31,4,7.477499999999999,0.5,2.9025,4.25,0.69275,10713.14,271.8775
2025-04-01,8,15.36,0.5,3.3125,4.2875,0.729625,7968.03875,297.98625
2025-04-02,6,3.498333333333333,1.0,2.9149999999999996,6.55,0.7191666666666666,7429.176666666666,219.84
2025-04-03,1,18.29,1.0,3.89,0.2,0.941,8690.2,10.97
2025-04-04,10,15.072750000000003,1.0,3.45,4.619999999999999,0.7219,7778.443000000001,166.40900000000002
2025-04-05,10,8.521,0.6,2.743,3.7600000000000002,0.8493999999999999,6375.662,192.70999999999998
2025-04-06,8,11.8925,0.625,2.72125,7.4375,0.826,7157.44625,309.71875
2025-04-07,9,23.39638888888889,0.6666666666666666,2.514444444444445,5.800000000000001,0.7434444444444445,9222.625555555556,365.3211111111111
2025-04-08,3,18.393333333333334,0.3333333333333333,3.4433333333333334,3.9,0.6896666666666667,8841.09,368.0833333333333
2025-04-09,11,15.776704545454544,0.7272727272727273,3.1727272727272724,4.572727272727272,0.7046363636363636,6466.632727272728,305.74727272727273
2025-04-10,8,23.129687500000003,0.75,3.0625,5.3375,0.699875,10565.34125,172.56625
2025-04-11,6,10.19,0.8333333333333334,2.9516666666666667,4.566666666666666,0.8035,7357.349999999999,190.9433333333333
2025-04-12,11,18.579431818181817,0.6363636363636364,3.2936363636363635,6.627272727272726,0.8181818181818182,6033.679090909091,267.1363636363636
2025-04-13,9,14.128611111111113,0.7777777777777778,2.7955555555555556,3.755555555555556,0.6904444444444444,6708.155555555556,355.5655555555556
2025-04-14,7,24.786785714285713,0.5714285714285714,2.172857142857143,4.257142857142857,0.8244285714285714,9103.705714285714,150.6042857142857
2025-04-15,8,10.81171875,0.625,3.30875,5.7875,0.765875,6881.14625,292.32875
2025-04-16,4,18.715,0.5,2.715,6.075,0.7105,10497.125,255.0025
2025-04-17,7,6.734285714285714,0.7142857142857143,2.6471428571428572,5.214285714285714,0.7534285714285714,8033.331428571429,247.73857142857145
2025-04-18,7,13.34142857142857,0.2857142857142857,2.617142857142857,5.7,0.7997142857142857,5600.681428571428,205.25428571428571
2025-04-19,5,22.809500000000003,0.4,2.092,5.32,0.8722,7735.2919999999995,176.68
2025-04-20,10,23.70775,0.6,2.911,5.15,0.7094,7571.938,207.171
2025-04-21,7,7.275714285714286,0.5714285714285714,2.948571428571429,6.228571428571429,0.7457142857142857,6086.134285714286,279.87571428571425
2025-04-22,7,11.638571428571428,1.0,2.5985714285714283,5.571428571428571,0.6534285714285714,8217.775714285714,266.5157142857143
2025-04-23,4,4.2825,0.75,2.89,4.35,0.7855,2891.7075,250.405
2025-04-24,4,30.4959375,1.0,3.5324999999999998,5.975,0.86275,7703.33,252.2975
2025-04-25,6,7.721666666666667,0.5,2.6,4.883333333333334,0.699,10910.386666666667,230.155
2025-04-26,8,8.935,0.375,2.69875,6.05,0.77925,7141.7875,153.15125
2025-04-27,6,12.881666666666668,0.8333333333333334,3.473333333333333,5.6000000000000005,0.7346666666666667,9571.281666666668,279.385
2025-04-28,7,32.35214285714286,0.5714285714285714,2.8842857142857143,6.214285714285714,0.7607142857142858,8941.494285714285,264.89428571428573
2025-04-29,10,9.969375000000001,0.4,2.599,3.3299999999999996,0.8298,6696.499000000001,276.291
2025-04-30,6,7.1883333333333335,0.3333333333333333,3.185,6.016666666666667,0.718,9926.455,237.21166666666667
2025-05-01,7,19.018571428571427,0.7142857142857143,2.98,5.371428571428572,0.8418571428571429,7733.892857142857,265.36428571428576
2025-05-02,8,7.8225,0.625,2.625,5.7125,0.772,5392.16625,224.91375
2025-05-03,6,17.191666666666666,0.6666666666666666,3.3249999999999997,3.9000000000000004,0.6631666666666667,8029.233333333333,173.22166666666666
2025-05-04,6,11.519999999999998,0.8333333333333334,2.52,5.466666666666666,0.7093333333333334,5891.081666666666,217.16
2025-05-05,11,5.905454545454546,0.6363636363636364,3.166363636363636,4.427272727272728,0.8517272727272727,6445.859090909091,236.2109090909091
2025-05-06,4,4.6850000000000005,0.25,3.17,5.375,0.864,3324.555,275.7925
2025-05-07,3,14.016666666666666,1.0,4.05,5.166666666666667,0.6356666666666667,10992.909999999998,317.7633333333333
2025-05-08,4,14.200937500000002,0.75,2.4425,5.65,0.62825,6214.27,351.625
2025-05-09,9,9.918194444444445,0.6666666666666666,2.721111111111111,4.777777777777778,0.7818888888888889,7013.295555555555,203.24333333333334
2025-05-10,6,10.901666666666666,0.16666666666666666,3.098333333333333,4.6000000000000005,0.7463333333333333,7687.964999999999,226.95833333333334
2025-05-11,6,7.546666666666667,0.3333333333333333,2.67,3.1666666666666665,0.6521666666666667,11676.245,238.145
2025-05-12,7,22.116785714285715,0.5714285714285714,3.5,3.442857142857143,0.7587142857142857,8140.1900000000005,242.66857142857143
2025-05-13,4,16.782500000000002,0.5,3.2175000000000002,5.025,0.7205,7160.3,358.7075
2025-05-14,7,13.477142857142857,0.7142857142857143,2.7871428571428574,6.385714285714286,0.7781428571428571,7854.381428571428,226.34
2025-05-15,10,19.165750000000003,0.8,2.907,5.17,0.8211999999999999,7598.784,190.601
2025-05-16,9,13.920416666666668,0.4444444444444444,2.838888888888889,3.4000000000000004,0.7877777777777778,7458.537777777778,211.84666666666666
2025-05-17,9,16.005972222222223,0.6666666666666666,2.408888888888889,5.966666666666666,0.8064444444444444,7764.343333333333,237.0477777777778
2025-05-18,5,4.786,0.6,3.2699999999999996,5.279999999999999,0.6890000000000001,6210.486,238.04000000000002
2025-05-19,4,8.23,0.25,3.37,6.2,0.81125,5581.0650000000005,321.34
2025-05-20,7,5.485714285714286,0.42857142857142855,2.6585714285714284,6.457142857142857,0.6131428571428571,6355.487142857143,223.04857142857145
2025-05-21,6,16.750625,0.8333333333333334,2.6950000000000003,6.75,0.7599999999999999,6521.7699999999995,211.16333333333333
2025-05-22,6,14.597291666666669,0.5,3.4483333333333337,3.783333333333333,0.7636666666666666,10350.168333333333,241.54666666666665
2025-05-23,7,14.76142857142857,0.42857142857142855,2.527142857142857,4.985714285714286,0.6788571428571428,8733.657142857144,161.57
2025-05-24,8,25.5996875,0.25,2.53,4.3500000000000005,0.736625,12058.06625,194.055
2025-05-25,5,23.161500000000004,1.0,3.2659999999999996,4.64,0.7849999999999999,10485.058,280.96400000000006
2025-05-26,8,6.984999999999999,0.25,3.30875,4.1125,0.706,9498.813750000001,285.105
2025-05-27,7,11.801428571428572,0.5714285714285714,2.9842857142857144,3.6999999999999997,0.7275714285714285,9411.922857142858,121.12285714285714
2025-05-28,4,11.83,0.75,1.955,2.3,0.72725,8513.1,190.74499999999998
2025-05-29,11,13.440340909090908,0.5454545454545454,2.899090909090909,4.690909090909091,0.7244545454545455,6984.798181818182,295.5963636363636
2025-05-30,3,7.41,0.3333333333333333,2.893333333333333,5.433333333333334,0.7276666666666666,4887.486666666667,244.24333333333334
2025-05-31,5,16.81875,0.6,3.012,4.9399999999999995,0.6756,6570.972,237.56199999999998
2025-06-01,9,8.216666666666667,0.4444444444444444,2.3377777777777777,5.311111111111111,0.8283333333333334,8110.585555555556,187.84555555555553
2025-06-02,5,8.75,0.4,3.3020000000000005,5.04,0.695,5387.896,311.97200000000004
2025-06-03,12,14.839791666666668,0.4166666666666667,2.2158333333333333,3.025,0.7655833333333333,7239.3358333333335,301.1558333333333
2025-06-04,4,10.6775,0.75,3.17,6.25,0.77125,6729.450000000001,347.1075
2025-06-05,7,10.824285714285713,0.5714285714285714,3.391428571428572,4.2,0.7848571428571428,7608.162857142857,303.84000000000003
2025-06-06,4,13.98,0.75,3.03,5.5,0.65225,8780.314999999999,327.3725
2025-06-07,9,14.332222222222223,0.6666666666666666,2.29,6.044444444444445,0.7196666666666667,8326.037777777778,311.16999999999996
2025-06-08,2,45.071875000000006,1.0,3.125,5.4,0.622,9862.525,199.54500000000002
2025-06-09,7,15.250535714285716,0.42857142857142855,2.9314285714285715,3.3714285714285714,0.8984285714285714,6082.7,269.96714285714285
2025-06-10,3,7.56,0.6666666666666666,2.3333333333333335,5.2,0.6956666666666668,7813.076666666667,369.34999999999997
2025-06-11,9,11.554444444444444,0.4444444444444444,3.178888888888889,6.477777777777778,0.7767777777777778,6668.5088888888895,287.0655555555556
2025-06-12,4,5.625,0.25,3.1950000000000003,5.8500000000000005,0.6415,7338.025,296.59749999999997
2025-06-13,6,10.598333333333334,0.6666666666666666,3.108333333333333,5.3500000000000005,0.8313333333333333,6578.818333333334,227.56499999999997
2025-06-14,5,19.05,1.0,2.728,7.540000000000001,0.6826000000000001,9588.8,270.03000000000003
2025-06-15,8,9.67125,0.5,2.98375,4.8375,0.73175,6075.84375,340.8625
2025-06-16,6,26.72791666666667,0.6666666666666666,3.033333333333333,3.4500000000000006,0.6691666666666666,7764.638333333333,277.63
2025-06-17,6,14.965625000000001,0.5,2.595,6.666666666666667,0.754,7531.876666666667,154.71833333333333
2025-06-18,1,20.61,0.0,3.76,8.9,0.739,7037.17,315.21
2025-06-19,8,14.39875,0.5,2.66125,4.05,0.785625,6462.245,208.08375
2025-06-20,10,23.935750000000002,0.7,3.184,4.1899999999999995,0.752,8560.404,251.95100000000002
2025-06-21,3,4.47,0.3333333333333333,2.41,3.6333333333333333,0.8213333333333334,4371.556666666667,346.2266666666667
2025-06-22,8,24.415156250000003,0.75,2.25,4.7375,0.784625,9413.64875,283.1175
2025-06-23,5,13.203999999999999,0.8,3.5700000000000003,4.14,0.6634,8552.102,295.71799999999996
2025-06-24,7,16.03767857142857,0.8571428571428571,2.5928571428571425,3.857142857142857,0.752,7460.868571428572,231.67142857142858
2025-06-25,3,33.27791666666667,0.6666666666666666,3.703333333333333,6.266666666666667,0.7943333333333333,10817.86,255.99
2025-06-26,6,11.297291666666666,0.3333333333333333,2.7533333333333334,3.483333333333333,0.7816666666666666,5686.196666666667,316.49
2025-06-27,12,18.025000000000002,0.4166666666666667,2.7733333333333334,5.541666666666667,0.6505,7676.810833333333,256.41333333333336
2025-06-28,2,4.1850000000000005,0.0,3.09,4.85,0.749,3577.86,228.86499999999998
2025-06-29,6,15.755625000000002,0.6666666666666666,3.2866666666666666,3.9166666666666665,0.7558333333333334,9796.6,270.71
2025-06-30,9,11.844444444444445,0.6666666666666666,3.623333333333333,3.6666666666666665,0.7792222222222223,8807.093333333332,236.40111111111113
2025-07-01,5,14.17475,0.4,2.224,5.0,0.7792,8944.289999999999,260.866
2025-07-02,7,16.673392857142858,0.42857142857142855,3.3242857142857143,3.642857142857143,0.8098571428571429,6565.471428571429,243.28142857142856
2025-07-03,11,18.16090909090909,0.6363636363636364,2.8227272727272728,4.190909090909091,0.7255454545454545,8142.277272727273,234.80999999999997
2025-07-04,8,5.34,0.375,2.38125,7.0625,0.7655000000000001,6880.94875,278.93375000000003
2025-07-05,7,8.452857142857143,0.5714285714285714,2.3785714285714286,3.242857142857143,0.7877142857142857,8979.372857142856,311.20714285714286
2025-07-06,9,32.548611111111114,1.0,2.2711111111111113,6.533333333333333,0.7478888888888888,9375.394444444444,154.02333333333334
2025-07-07,6,20.22791666666667,0.3333333333333333,2.47,5.066666666666666,0.8685,7920.099999999999,211.67166666666665
2025-07-08,4,24.8359375,0.75,3.935,6.7,0.763,8982.8775,93.07000000000001
2025-07-09,7,13.476250000000002,0.7142857142857143,3.1371428571428566,5.785714285714286,0.6787142857142856,6796.492857142856,171.71142857142857
2025-07-10,9,21.525694444444447,0.5555555555555556,2.84,4.4,0.8128888888888889,7663.458888888889,292.31666666666666
2025-07-11,6,12.007291666666667,1.0,2.6149999999999998,6.233333333333333,0.8296666666666667,7326.413333333333,306.84999999999997
2025-07-12,6,18.618958333333335,0.6666666666666666,2.6966666666666668,4.766666666666667,0.7404999999999999,9952.324999999999,258.54333333333335
2025-07-13,9,15.430416666666666,0.7777777777777778,3.1666666666666665,6.388888888888889,0.8382222222222223,7789.8677777777775,202.81666666666666
2025-07-14,4,5.4625,0.25,2.5725,4.2,0.86875,4529.98,269.43
2025-07-15,5,15.482750000000001,0.8,2.8120000000000003,7.459999999999999,0.7348,4392.894,338.548
2025-07-16,5,26.821500000000004,0.6,2.3899999999999997,4.58,0.7218,11491.114,287.036
2025-07-17,10,6.542,0.5,2.9690000000000003,6.859999999999999,0.7501,4077.829,196.67900000000003
2025-07-18,9,11.62263888888889,0.4444444444444444,3.2066666666666666,4.822222222222222,0.6977777777777778,8342.21111111111,241.73333333333332
2025-07-19,9,10.219999999999999,0.5555555555555556,3.0255555555555556,6.5888888888888895,0.6617777777777777,6837.4766666666665,229.88444444444445
2025-07-20,11,15.73340909090909,0.6363636363636364,2.6818181818181817,4.172727272727273,0.7741818181818182,6972.376363636364,214.49545454545452
2025-07-21,10,22.13175,0.6,2.862,5.91,0.7863,9670.011999999999,208.719
2025-07-22,3,37.05583333333334,1.0,3.3299999999999996,4.533333333333333,0.6866666666666666,8569.460000000001,322.4866666666667
2025-07-23,7,23.694464285714286,0.8571428571428571,2.91,3.357142857142857,0.8245714285714286,8838.039999999999,209.53714285714287
2025-07-24,7,27.489642857142858,0.7142857142857143,2.5157142857142856,4.242857142857143,0.8238571428571427,8142.142857142857,289.82428571428574
2025-07-25,6,17.49625,0.8333333333333334,2.4266666666666667,7.816666666666666,0.6996666666666668,9075.895,169.43166666666667
2025-07-26,7,8.635714285714286,0.42857142857142855,2.847142857142857,3.357142857142857,0.7392857142857142,7845.658571428571,244.13714285714286
2025-07-27,3,2.9633333333333334,0.6666666666666666,3.18,4.7,0.6920000000000001,5865.576666666667,223.49333333333334
2025-07-28,7,9.18142857142857,0.2857142857142857,2.084285714285714,5.214285714285714,0.8438571428571429,7901.407142857142,138.91
2025-07-29,9,15.997500000000002,0.6666666666666666,3.203333333333333,4.699999999999999,0.782,8256.933333333332,183.69
2025-07-30,8,11.455,0.5,2.3362499999999997,5.2125,0.783,5612.06,234.8975
2025-07-31,12,20.576770833333335,0.4166666666666667,2.8425,4.358333333333333,0.7655,9832.1325,244.05166666666665
2025-08-01,6,11.551666666666668,0.8333333333333334,2.7016666666666667,8.283333333333333,0.6930000000000001,8859.048333333334,272.85833333333335
2025-08-02,9,23.213472222222222,0.5555555555555556,3.12,4.533333333333333,0.6007777777777777,8804.613333333335,302.98
2025-08-03,7,6.767142857142857,0.7142857142857143,2.6314285714285717,5.857142857142857,0.6795714285714285,7275.292857142857,263.1771428571429
2025-08-04,6,20.46229166666667,0.5,3.0216666666666665,5.183333333333333,0.7083333333333334,10233.769999999999,231.77499999999998
2025-08-05,6,15.688958333333334,0.3333333333333333,2.7416666666666667,5.483333333333333,0.6934999999999999,5701.208333333333,245.99
2025-08-06,6,16.318958333333335,0.5,2.9033333333333338,4.266666666666667,0.7796666666666666,9721.178333333333,246.62
2025-08-07,4,4.552499999999999,0.25,2.92,4.65,0.9097500000000001,11108.325,167.0825
2025-08-08,11,19.55068181818182,0.9090909090909091,2.923636363636364,6.954545454545454,0.6588181818181819,7887.885454545455,295.90727272727275
2025-08-09,8,16.55171875,0.5,3.485,4.1625000000000005,0.735125,6915.2787499999995,257.03499999999997
2025-08-10,9,23.768611111111113,0.8888888888888888,2.9166666666666665,4.366666666666667,0.7965555555555556,6162.192222222222,350.6044444444444
2025-08-11,4,19.9634375,1.0,2.685,2.675,0.851,7527.575,320.51
2025-08-12,9,4.868888888888889,0.4444444444444444,2.8755555555555556,4.188888888888889,0.717111111111111,4766.235555555555,225.01
2025-08-13,8,6.916250000000001,0.75,3.03125,5.3625,0.7909999999999999,5820.05375,267.59625
2025-08-14,9,13.657777777777778,0.5555555555555556,2.112222222222222,4.777777777777778,0.7615555555555555,6258.952222222222,310.9555555555555
2025-08-15,4,13.5125,0.5,3.1475,7.1499999999999995,0.8422499999999999,8638.79,242.9
2025-08-16,6,9.722291666666669,0.6666666666666666,2.145,6.183333333333334,0.8348333333333334,8122.375,188.90333333333334
2025-08-17,6,14.482291666666669,0.8333333333333334,2.8699999999999997,6.733333333333333,0.6441666666666667,5483.195,227.3033333333333
2025-08-18,3,12.339999999999998,0.3333333333333333,2.4166666666666665,4.433333333333333,0.82,11148.526666666667,290.24666666666667
2025-08-19,6,16.925625,0.5,2.7449999999999997,3.4499999999999997,0.7103333333333334,7699.009999999999,341.635
2025-08-20,9,13.14375,0.6666666666666666,2.8311111111111114,3.988888888888889,0.7254444444444444,8515.01,263.99333333333334
2025-08-21,8,11.037968750000001,0.75,3.0925,4.925,0.761,5119.08375,299.5775
2025-08-22,4,26.1159375,0.75,2.7475,6.5,0.796,11614.545,278.975
2025-08-23,8,22.7171875,0.875,2.4375,6.7875,0.622875,8148.5912499999995,330.3575
2025-08-24,10,22.03975,0.7,3.207,6.6,0.7575000000000001,6666.954,319.098
2025-08-25,8,19.625,0.625,3.0625,4.5,0.66225,7246.76625,241.385
2025-08-26,8,14.580937500000001,0.375,2.3962499999999998,5.6625,0.701125,5336.6275,130.19625
2025-08-27,4,26.334375,0.75,3.0975,3.925,0.6695,8348.7775,187.84
2025-08-28,4,11.895,0.5,2.6525000000000003,5.875,0.702,10261.039999999999,289.08000000000004
2025-08-29,8,8.945,0.625,2.695,5.7875,0.844125,5447.4375,277.13625
2025-08-30,4,4.12,0.25,2.665,5.375,0.84125,5326.2125,215.2975
2025-08-31,12,11.5928125,0.3333333333333333,2.8941666666666666,4.933333333333334,0.7454166666666667,6341.9725,273.49
2025-09-01,6,10.603333333333333,0.3333333333333333,3.5066666666666664,5.016666666666667,0.8180000000000001,8065.983333333334,184.0
2025-09-02,10,20.250375000000002,0.7,2.509,7.109999999999999,0.7342,8252.28,238.88000000000002
2025-09-03,11,9.816363636363636,0.7272727272727273,3.083636363636364,7.381818181818182,0.7515454545454545,6477.325454545455,300.6527272727273
2025-09-04,6,22.121250000000003,0.5,3.1766666666666663,4.383333333333333,0.7763333333333334,9743.763333333334,181.22833333333332
2025-09-05,3,3.033333333333333,0.3333333333333333,3.0966666666666662,3.5666666666666664,0.8586666666666667,8785.236666666666,355.1000000000001
2025-09-06,5,15.422749999999999,0.8,3.2920000000000003,4.0,0.7558,7206.094,214.13600000000002
2025-09-07,2,7.76,0.5,1.585,1.25,0.8525,8432.91,157.905
2025-09-08,6,14.565,0.6666666666666666,3.2099999999999995,4.466666666666667,0.7639999999999999,6302.193333333334,273.56666666666666
2025-09-09,7,12.941964285714286,0.7142857142857143,2.8442857142857143,5.485714285714286,0.7268571428571429,8554.734285714285,266.7242857142857
2025-09-10,3,4.78,0.6666666666666666,2.493333333333333,4.733333333333333,0.6943333333333334,5601.943333333334,317.64000000000004
2025-09-11,9,20.02305555555556,0.6666666666666666,2.9433333333333334,6.022222222222222,0.7512222222222222,6953.156666666666,318.0711111111111
2025-09-12,7,15.944285714285714,0.7142857142857143,2.867142857142857,5.542857142857144,0.7321428571428571,9527.804285714286,325.8542857142857
2025-09-13,8,12.08375,0.75,1.925,3.7875,0.700125,6587.21,269.0175
2025-09-14,4,7.137499999999999,0.75,2.6275,6.95,0.75275,10302.435000000001,231.4975
2025-09-15,10,10.018375,0.7,3.195,7.040000000000001,0.7018,6299.497,222.723
2025-09-16,8,11.525,0.5,2.7125,5.65,0.8015,6805.1987500000005,260.635
2025-09-17,6,7.098333333333333,0.6666666666666666,3.33,5.7,0.7243333333333334,8823.015,216.245
2025-09-18,7,4.687142857142858,0.5714285714285714,3.1157142857142857,3.885714285714286,0.7962857142857143,4809.522857142858,288.39
2025-09-19,3,18.913333333333334,0.6666666666666666,3.0533333333333332,3.4333333333333336,0.8930000000000001,9213.92,330.3566666666666
2025-09-20,7,7.535714285714286,0.2857142857142857,3.007142857142857,4.8428571428571425,0.7904285714285715,7150.751428571429,269.34000000000003
2025-09-21,9,12.994861111111112,0.6666666666666666,2.663333333333333,4.033333333333333,0.8104444444444444,6519.39,167.9022222222222
2025-09-22,9,17.808194444444446,0.8888888888888888,2.4933333333333336,3.6555555555555554,0.7796666666666666,5945.175555555556,312.7088888888889
2025-09-23,4,27.1534375,0.0,3.195,4.375,0.83575,11010.164999999999,119.22749999999999
2025-09-24,8,16.36296875,0.5,2.91,5.25,0.7887500000000001,8458.5425,255.2475
2025-09-25,5,8.014,0.2,3.446,5.279999999999999,0.8368,6037.864,135.48
2025-09-26,8,16.98125,0.5,3.1325000000000003,3.8125,0.73175,9547.9875,254.0875
2025-09-27,6,5.805,0.6666666666666666,2.145,3.15,0.8195,5532.639999999999,285.04833333333335
2025-09-28,4,2.3525,0.75,2.6325,5.45,0.7315,5585.9,317.075
2025-09-29,5,8.166,0.4,3.3620000000000005,4.0,0.8253999999999999,6271.5160000000005,176.632
2025-09-30,6,7.870000000000001,0.6666666666666666,3.061666666666667,5.55,0.7068333333333333,11281.93,255.75333333333333
2025-10-01,4,16.692500000000003,0.75,2.8099999999999996,4.5,0.79125,5219.215,145.2075
2025-10-02,8,13.07421875,0.5,3.0275,4.275,0.761125,6596.3025,239.11875
2025-10-03,5,21.74875,0.8,2.7600000000000002,4.9799999999999995,0.6514,7172.878,230.804
2025-10-04,8,10.07421875,0.75,2.74,2.95,0.773625,7318.2325,166.53875
2025-10-05,6,9.048333333333334,0.5,2.9316666666666666,5.533333333333334,0.7185,6650.878333333334,205.0533333333333
2025-10-06,5,15.540000000000001,0.4,2.2199999999999998,6.82,0.8332,8768.566,209.22599999999997
2025-10-07,5,21.1915,0.6,3.304,3.7800000000000002,0.6394,7393.697999999999,222.05599999999998
2025-10-08,6,7.536666666666666,0.3333333333333333,2.8966666666666665,5.883333333333333,0.8023333333333333,8047.295000000001,231.01500000000001
2025-10-09,3,20.241250000000004,0.6666666666666666,2.1766666666666667,7.3,0.7713333333333333,5586.043333333332,316.83
2025-10-10,9,7.344444444444444,0.7777777777777778,2.651111111111111,5.199999999999999,0.7655555555555555,8640.183333333332,213.7
2025-10-11,7,6.437142857142858,0.7142857142857143,2.6385714285714283,5.057142857142857,0.8425714285714285,5150.358571428572,215.82142857142858
2025-10-12,11,16.911590909090908,0.5454545454545454,3.309090909090909,5.8,0.7481818181818182,9115.65909090909,237.17636363636365
2025-10-13,3,4.033333333333334,0.3333333333333333,3.106666666666667,4.6000000000000005,0.8413333333333334,3556.463333333333,191.5
2025-10-14,5,19.01475,1.0,2.698,5.76,0.6946000000000001,8256.568,335.42600000000004
2025-10-15,10,23.248125,0.8,3.2119999999999997,5.67,0.7409,9115.248,191.331
2025-10-16,13,18.344903846153848,0.6923076923076923,2.9538461538461536,5.546153846153846,0.7637692307692308,7980.7276923076915,210.68
2025-10-17,7,13.821428571428571,0.5714285714285714,2.52,5.242857142857143,0.6524285714285715,7049.38,175.27571428571426
2025-10-18,9,6.827777777777778,0.4444444444444444,2.6744444444444446,4.633333333333333,0.7442222222222221,7187.487777777777,345.6144444444445
2025-10-19,6,23.744583333333335,0.8333333333333334,2.9933333333333336,5.616666666666667,0.7331666666666666,9046.745,211.29333333333332
2025-10-20,12,18.435625,0.5833333333333334,2.5991666666666666,4.625,0.8063333333333333,8080.628333333334,267.93083333333334
2025-10-21,1,9.96,1.0,1.45,1.3,0.541,2287.09,75.25
2025-10-22,10,9.554,0.4,3.0420000000000003,3.96,0.7682,9514.117,283.152
2025-10-23,10,7.6,0.5,2.851,3.9800000000000004,0.7484,6969.4039999999995,253.079
2025-10-24,10,18.12675,0.9,2.555,6.3100000000000005,0.7397,11718.829000000002,264.526
2025-10-25,7,14.615714285714287,0.14285714285714285,2.1014285714285714,6.685714285714285,0.7845714285714286,7516.151428571428,200.98
2025-10-26,5,6.902000000000001,0.8,2.45,5.62,0.782,7542.884,396.098
2025-10-27,10,15.960374999999999,0.8,2.545,6.7299999999999995,0.8192,8385.124,257.64
2025-10-28,7,15.968571428571428,0.42857142857142855,2.1614285714285715,3.5285714285714285,0.7834285714285715,7927.374285714286,202.14714285714285
2025-10-29,8,24.80015625,0.375,3.0962500000000004,6.175,0.788125,9246.30375,293.98125
2025-10-30,2,3.395,0.0,2.77,4.449999999999999,0.9435,2719.92,399.455
2025-10-31,9,31.96319444444445,0.6666666666666666,2.8833333333333333,5.088888888888889,0.7643333333333333,11315.684444444445,251.33444444444442
2025-11-01,9,8.26,0.6666666666666666,2.36,4.488888888888889,0.7646666666666666,7613.521111111111,188.77111111111108
2025-11-02,12,9.156979166666668,0.5833333333333334,2.5991666666666666,5.908333333333334,0.7239166666666667,8669.659166666666,300.19666666666666
2025-11-03,4,22.89,0.75,3.345,3.6,0.601,9018.4,275.0725
2025-11-04,10,16.782375000000002,0.5,2.933,4.82,0.6616,6994.772,228.546
2025-11-05,7,14.824821428571429,0.42857142857142855,2.761428571428571,3.3714285714285714,0.8222857142857143,8763.234285714285,238.1314285714286
2025-11-06,5,11.053999999999998,0.4,2.4219999999999997,5.06,0.825,10370.338,268.88199999999995
2025-11-07,9,11.992222222222221,0.6666666666666666,3.1277777777777778,5.300000000000001,0.769888888888889,7660.836666666666,227.7111111111111
2025-11-08,11,17.174545454545456,0.8181818181818182,2.839090909090909,6.445454545454546,0.7132727272727273,8260.826363636363,237.7527272727273
2025-11-09,9,12.727777777777778,0.7777777777777778,2.468888888888889,4.966666666666667,0.6882222222222222,7338.373333333333,275.51222222222225
2025-11-10,8,20.735937500000002,0.625,3.4025,6.85,0.7475,7878.1375,200.99625
2025-11-11,7,15.637142857142859,0.7142857142857143,3.1442857142857146,5.1571428571428575,0.7812857142857143,9382.857142857143,338.3357142857143
2025-11-12,3,3.953333333333333,1.0,2.9333333333333336,6.400000000000001,0.8266666666666667,4546.31,41.22333333333333
2025-11-13,5,22.50675,0.6,2.878,6.94,0.787,5105.646,232.218
2025-11-14,6,17.233958333333334,0.8333333333333334,3.388333333333333,5.016666666666667,0.7258333333333332,7105.255,191.21666666666667
2025-11-15,6,14.986666666666666,0.6666666666666666,3.0566666666666666,5.566666666666666,0.7611666666666667,7310.1483333333335,189.63666666666668
2025-11-16,8,4.75125,0.5,2.7525,5.925000000000001,0.827125,8686.96,306.33375
2025-11-17,9,18.43486111111111,0.4444444444444444,3.181111111111111,4.211111111111111,0.7494444444444445,7255.923333333333,219.7288888888889
2025-11-18,7,5.401428571428572,0.2857142857142857,3.1457142857142855,5.242857142857143,0.9022857142857142,5012.704285714286,289.0214285714286
2025-11-19,9,15.295972222222222,0.7777777777777778,3.0855555555555556,6.455555555555556,0.727,8108.810000000001,107.85444444444445
2025-11-20,7,25.07821428571429,0.8571428571428571,2.8000000000000003,5.571428571428571,0.7751428571428571,8730.111428571428,319.5728571428571
2025-11-21,7,22.776785714285715,0.5714285714285714,2.874285714285714,5.571428571428571,0.7802857142857142,9212.667142857143,179.99857142857144
2025-11-22,4,27.4434375,0.75,3.6825,7.65,0.795,9273.605,395.9475
2025-11-23,8,7.63125,0.5,2.9775,4.625,0.7525,6693.1275000000005,268.18
2025-11-24,12,15.977291666666668,0.5,2.815,5.141666666666667,0.7654166666666667,6576.609166666666,264.15000000000003
2025-11-25,8,11.74375,0.625,3.19375,5.65,0.7805,7833.69,278.9975
2025-11-26,8,19.97921875,0.875,2.2425,4.8875,0.80825,9455.932499999999,241.16375
2025-11-27,9,18.348194444444445,0.6666666666666666,2.55,6.5,0.6651111111111111,6818.053333333333,254.95111111111112
2025-11-28,10,8.304,0.5,2.6079999999999997,5.92,0.7724,7290.877,191.645
2025-11-29,7,15.679107142857145,0.8571428571428571,2.6285714285714286,6.357142857142857,0.7611428571428572,8690.245714285715,276.5828571428571
2025-11-30,6,14.882291666666667,0.8333333333333334,3.4033333333333338,4.15,0.6811666666666666,6263.026666666666,279.74333333333334
2025-12-01,6,10.076666666666666,0.3333333333333333,3.3533333333333335,4.8500000000000005,0.7963333333333332,6297.443333333334,261.615
2025-12-02,8,12.43625,0.5,3.0862499999999997,5.8875,0.7955,6963.73625,190.12125
2025-12-03,9,12.962638888888888,0.4444444444444444,2.348888888888889,3.4777777777777774,0.7371111111111112,8027.583333333333,262.4944444444444
2025-12-04,8,19.74421875,0.625,2.8362499999999997,5.6375,0.7785,10434.6825,206.91750000000002
2025-12-05,6,28.52854166666667,0.8333333333333334,2.973333333333333,5.6000000000000005,0.8263333333333334,7429.075000000001,161.17999999999998
2025-12-06,8,12.055,0.75,3.005,6.5375,0.7685,9128.15,211.275
2025-12-07,10,6.024,0.7,2.459,5.35,0.7222000000000001,8284.376,296.552
2025-12-08,7,12.227142857142857,0.5714285714285714,3.217142857142857,6.385714285714286,0.7700000000000001,7665.694285714286,356.1928571428571
2025-12-09,4,14.9925,0.75,2.2824999999999998,7.0,0.6555,6458.4825,373.2
2025-12-10,6,23.254583333333333,0.6666666666666666,2.8083333333333336,3.8000000000000003,0.7778333333333333,3980.2516666666666,169.48833333333334
2025-12-11,12,14.221145833333333,0.5833333333333334,2.3966666666666665,4.691666666666667,0.7574166666666667,8011.419166666667,229.88250000000002
2025-12-12,4,25.4059375,0.75,3.365,2.35,0.74925,7832.262500000001,151.9475
2025-12-13,9,12.703750000000001,0.5555555555555556,2.9388888888888887,4.011111111111111,0.7865555555555556,7018.722222222223,179.0522222222222
2025-12-14,11,8.790909090909091,0.5454545454545454,3.338181818181818,6.236363636363635,0.6992727272727273,7455.548181818182,254.70181818181817
2025-12-15,6,8.481666666666667,0.6666666666666666,2.7550000000000003,8.066666666666666,0.7676666666666666,7299.458333333333,135.6
2025-12-16,3,12.133333333333333,0.6666666666666666,3.026666666666667,4.533333333333334,0.5996666666666667,12199.963333333333,227.84666666666666
2025-12-17,4,12.838437500000001,1.0,2.5,5.825,0.68925,6385.9275,198.3225
2025-12-18,10,8.669,0.7,3.275,6.1,0.7451,7619.419,233.24499999999998
2025-12-19,12,11.886979166666668,0.5833333333333334,2.9066666666666663,5.8,0.7400000000000001,7801.570833333334,227.0583333333333
2025-12-20,5,4.666,0.4,3.168,4.5,0.8272,9577.638,172.97199999999998
2025-12-21,13,17.3975,0.46153846153846156,2.8200000000000003,5.484615384615385,0.8172307692307693,8810.853846153845,195.5723076923077
2025-12-22,10,12.421375000000001,0.4,2.521,4.07,0.7564,6415.2080000000005,276.51599999999996
2025-12-23,6,23.607916666666668,0.8333333333333334,2.8183333333333334,7.733333333333333,0.7388333333333333,6612.176666666666,284.09
2025-12-24,2,4.44,0.0,3.37,5.6,0.745,4006.31,311.555
2025-12-25,7,10.557678571428571,0.14285714285714285,3.3228571428571425,4.6571428571428575,0.7094285714285714,5581.717142857144,253.30857142857144
2025-12-26,7,10.768571428571429,0.42857142857142855,2.6799999999999997,5.985714285714286,0.7638571428571428,9236.287142857142,249.36714285714285
2025-12-27,7,12.664821428571429,0.8571428571428571,3.1271428571428572,4.8428571428571425,0.7922857142857144,7026.064285714286,234.21857142857144
2025-12-28,3,32.78125,1.0,2.89,3.3666666666666667,0.7643333333333334,5853.233333333334,203.07666666666668
2025-12-29,9,15.917499999999999,0.4444444444444444,2.9055555555555554,6.011111111111111,0.7703333333333333,8730.938888888888,239.44222222222223
2025-12-30,6,27.51291666666667,0.8333333333333334,3.375,4.966666666666667,0.782,8685.023333333333,243.99166666666667
2025-12-31,7,13.175714285714283,0.5714285714285714,3.2842857142857147,5.514285714285714,0.7922857142857144,6040.388571428572,284.8042857142857
